{"cameraMode":{"drawMode":0,"name":"Shaded","section":"Shading Mode"},"sceneLighting":true,"audioPlay":false,"sceneViewState":{"showFog":true,"showMaterialUpdate":false,"showSkybox":true,"showFlares":true,"showImageEffects":true,"showParticleSystems":true},"in2DMode":false,"pivot":{"x":330.1394348144531,"y":210.43763732910157,"z":2.6845703125},"rotation":{"x":-0.041676536202430728,"y":-0.010495351627469063,"z":-0.00043712000478990376,"w":0.9990884065628052},"size":224.2489013671875,"orthographic":false}