{"cameraMode":{"drawMode":0,"name":"Shaded","section":"Shading Mode"},"sceneLighting":true,"audioPlay":false,"sceneViewState":{"showFog":true,"showMaterialUpdate":false,"showSkybox":true,"showFlares":true,"showImageEffects":true,"showParticleSystems":true},"in2DMode":false,"pivot":{"x":78.00128173828125,"y":235.5430450439453,"z":10.26025390625},"rotation":{"x":-0.04262246564030647,"y":0.1596602350473404,"z":0.006900790613144636,"w":0.9862396717071533},"size":113.033203125,"orthographic":false}